Draw Date,Winning Numbers,Power Play,Jackpot,Winners,State1 ,State2 ,State3,State4
2/3/2010,17 22 36 37 52 24,2,$116 Million,R,,,,
2/6/2010,14 22 52 54 59 04,3,$141 Million,1,NC,,,
2/10/2010,05 08 29 37 38 34,5,$20 Million,R,,,,
2/13/2010,10 14 30 40 51 01,4,$29.5 Million,R,,,,
2/17/2010,07 08 19 26 36 15,3,$44.2 Million,R,,,,
2/20/2010,13 27 37 41 54 32,2,$61.7 Million,R,,,,
2/24/2010,04 17 35 50 57 12,2,$78.2 Million,R,,,,
2/27/2010,18 47 51 53 58 30,2,$96.5 Million,R,,,,
3/3/2010,07 09 14 45 49 23,4,$118 Million,R,,,,
3/6/2010,10 29 33 41 59 15,2,$144 Million,R,,,,
3/10/2010,17 21 37 41 50 01,2,$172 Million,R,,,,
3/13/2010,06 16 20 31 36 08,5,$211 Million,1,NJ,,,
3/17/2010,24 26 45 48 55 08,2,$20 Million,R,,,,
3/20/2010,09 36 39 44 45 09,2,$30.3 Million,R,,,,
3/24/2010,14 20 24 39 49 07,3,$45.2 Million,R,,,,
3/27/2010,07 21 32 44 52 10,4,$65.2 Million,R,,,,
3/31/2010,05 13 17 45 54 12,5,$82.8 Million,R,,,,
4/3/2010,10 15 31 52 59 04,4,$103 Million,R,,,,
4/7/2010,04 36 40 44 52 33,2,$125 Million,R,,,,
4/10/2010,21 22 49 52 58 34,2,$150 Million,R,,,,
4/14/2010,06 14 32 38 52 20,3,$177 Million,R,,,,
4/17/2010,05 21 22 41 49 15,5,$212 Million,R,,,,
4/21/2010,11 34 41 49 55 20,2,$258 Million,1,MO,,,
4/24/2010,01 12 53 56 57 05,2,$20 Million,R,,,,
4/28/2010,12 22 25 28 44 24,4,$30.2 Million,R,,,,
5/1/2010,16 23 25 49 58 20,4,$46.6 Million,R,,,,
5/5/2010,13 34 40 47 57 11,4,$62.8 Million,R,,,,
5/8/2010,05 22 34 41 57 31,5,$78.9 Million,R,,,,
5/12/2010,37 51 52 53 58 38,2,$97.3 Million,R,,,,
5/15/2010,15 21 23 28 36 20,2,$122 Million,R,,,,
5/19/2010,02 07 29 55 58 27,3,$145 Million,R,,,,
5/22/2010,19 20 40 47 57 29,2,$164 Million,R,,,,
5/26/2010,01 06 10 13 20 32,4,$190 Million,R,,,,
5/29/2010,01 03 24 28 41 10,4,$224 Million,R,,,,
6/2/2010,04 09 14 39 43 38,4,$261 Million,1,OH,,,
6/5/2010,18 34 40 48 59 25,4,$20 Million,R,,,,
6/9/2010,14 22 27 32 49 05,4,$29 Million,R,,,,
6/12/2010,09 12 13 35 38 30,10,$45.7 Million,R,,,,
6/16/2010,08 11 18 29 36 06,5,$61.5 Million,R,,,,
6/19/2010,09 30 31 50 54 39,3,$79.1 Million,R,,,,
6/23/2010,11 30 45 47 48 10,3,$96.9 Million,2,MT,OH,,
6/26/2010,13 30 32 38 57 25,4,$20 Million,R,,,,
6/30/2010,06 38 43 47 48 27,5,$27.4 Million,R,,,,
7/3/2010,03 10 14 52 53 03,3,$42.1 Million,R,,,,
7/7/2010,10 41 44 48 56 04,2,$56 Million,R,,,,
7/10/2010,20 21 27 28 56 04,4,$73.8 Million,1,FL,,,
7/14/2010,20 21 23 38 42 06,3,$20 Million,R,,,,
7/17/2010,22 27 35 37 45 03,4,$25.6 Million,R,,,,
7/21/2010,16 22 30 51 58 25,3,$38.6 Million,R,,,,
7/24/2010,20 30 38 46 59 27,2,$53.9 Million,R,,,,
7/28/2010,01 11 20 25 27 02,5,$68.5 Million,R,,,,
7/31/2010,01 16 17 41 57 15,3,$85.7 Million,1,LA,,,
8/4/2010,19 28 30 37 53 36,4,$20 Million,R,,,,
8/7/2010,04 22 26 31 52 30,5,$25.5 Million,R,,,,
8/11/2010,07 10 22 23 52 29,2,$38.1 Million,R,,,,
8/14/2010,09 33 36 50 58 31,2,$52.9 Million,R,,,,
8/18/2010,04 32 33 47 55 39,3,$65.3 Million,R,,,,
8/21/2010,07 10 12 22 27 26,2,$79 Million,1,WV,,,
8/25/2010,16 17 29 31 36 23,3,$20 Million,R,,,,
8/28/2010,04 22 27 32 56 13,4,$25 Million,R,,,,
9/1/2010,17 20 21 40 51 19,3,$34.7 Million,R,,,,
9/4/2010,11 14 22 33 42 38,2,$50.4 Million,R,,,,
9/8/2010,10 35 39 51 57 20,5,$63.7 Million,R,,,,
9/11/2010,07 17 20 36 59 33,4,$79.1 Million,R,,,,
9/15/2010,07 20 21 34 43 34,5,$95.1 Million,R,,,,
9/18/2010,01 18 37 39 44 13,4,$116 Million,1,GA,,,
9/22/2010,10 24 36 52 55 15,5,$20 Million,R,,,,
9/25/2010,08 16 27 35 42 30,2,$25 Million,R,,,,
9/29/2010,13 44 51 52 55 30,4,$35.5 Million,R,,,,
10/2/2010,12 20 30 36 47 25,4,$49 Million,R,,,,
10/6/2010,14 26 37 41 46 24,5,$61.5 Million,1,FL,,,
10/9/2010,02 06 32 42 49 35,3,$20 Million,R,,,,
10/13/2010,12 22 32 34 46 02,4,$25 Million,R,,,,
10/16/2010,11 12 15 16 28 11,2,$34 Million,R,,,,
10/20/2010,07 17 20 39 59 17,3,$46.1 Million,R,,,,
10/23/2010,02 07 16 20 46 34,4,$59.5 Million,R,,,,
10/27/2010,20 24 25 53 59 15,5,$72.3 Million,R,,,,
10/30/2010,01 07 27 36 49 39,5,$88.8 Million,R,,,,
11/3/2010,34 38 39 45 50 33,2,$106 Million,R,,,,
11/6/2010,07 12 23 34 38 33,4,$128 Million,1,MI,,,
11/10/2010,05 08 11 40 44 10,4,$20 Million,R,,,,
11/13/2010,17 30 48 51 54 29,5,$25 Million,R,,,,
11/17/2010,14 16 53 54 59 05,3,$36.2 Million,R,,,,
11/20/2010,10 12 38 53 57 01,5,$51.6 Million,R,,,,
11/24/2010,08 20 21 32 37 04,3,$65.3 Million,R,,,,
11/27/2010,10 30 37 47 54 39,5,$79.4 Million,R,,,,
12/1/2010,05 10 11 12 20 02,3,$95.3 Million,1,AZ,,,
12/4/2010,13 24 27 31 42 22,5,$20 Million,R,,,,
12/8/2010,08 11 25 41 58 16,4,$25 Million,R,,,,
12/11/2010,01 08 10 19 20 23,2,$37.5 Million,2,KY,IL,,
12/15/2010,10 11 18 32 45 18,5,$20 Million,R,,,,
12/18/2010,04 11 19 33 43 14,4,$25 Million,R,,,,
12/22/2010,11 33 44 46 47 12,2,$36.2 Million,R,,,,
12/25/2010,01 17 38 50 52 24,2,$48.8 Million,1,NY,,,
12/29/2010,03 16 18 20 37 30,2,$20 Million,R,,,,
1/1/2011,18 22 37 47 54 36,2,$25 Million,R,,,,
1/5/2011,22 26 32 38 40 07,5,$37.9 Million,R,,,,
1/8/2011,06 07 26 33 52 24,2,$52.5 Million,R,,,,
1/12/2011,19 21 23 40 48 27,4,$65.8 Million,R,,,,
1/15/2011,09 13 22 23 37 31,3,$82.4 Million,R,,,,
1/19/2011,22 36 51 56 59 32,3,$99.4 Million,R,,,,
1/22/2011,30 31 34 45 51 23,2,$122 Million,1,NY,,,
1/26/2011,04 05 36 47 58 06,3,$20 Million,R,,,,
1/29/2011,24 28 45 49 52 02,4,$25 Million,R,,,,
2/2/2011,03 14 33 53 57 36,4,$35.7 Million,R,,,,
2/5/2011,15 37 41 56 59 05,5,$51.3 Million,R,,,,
2/9/2011,07 11 39 42 51 30,4,$65.6 Million,R,,,,
2/12/2011,11 32 36 48 52 19,4,$83.5 Million,R,,,,
2/16/2011,09 13 21 23 48 24,2,$104 Million,R,,,,
2/19/2011,03 12 34 37 42 36,5,$129 Million,R,,,,
2/23/2011,29 32 36 39 49 29,3,$154 Million,R,,,,
2/26/2011,04 13 17 21 45 10,5,$182 Million,1,FL,,,
3/2/2011,07 31 50 51 58 06,2,$20 Million,R,,,,
3/5/2011,02 23 31 42 48 21,2,$26.7 Million,R,,,,
3/9/2011,12 20 28 40 48 08,2,$39.5 Million,R,,,,
3/12/2011,01 04 12 41 47 03,4,$54.1 Million,R,,,,
3/16/2011,28 39 40 48 53 09,3,$68.1 Million,R,,,,
3/19/2011,03 11 20 27 46 08,2,$83.5 Million,R,,,,
3/23/2011,05 15 26 28 32 09,2,$103 Million,R,,,,
3/26/2011,04 10 11 19 33 27,4,$129 Million,R,,,,
3/30/2011,19 20 42 56 58 37,4,$153 Million,R,,,,
4/2/2011,06 22 34 43 45 23,2,$185 Million,R,,,,
4/6/2011,10 18 41 55 56 15,2,$221 Million,1,IN,,,
4/9/2011,05 14 32 53 56 11,4,$20 Million,R,,,,
4/13/2011,04 23 39 49 50 39,3,$28 Million,R,,,,
4/16/2011,21 33 44 45 55 07,5,$42.3 Million,R,,,,
4/20/2011,09 24 34 36 43 27,3,$57.3 Million,R,,,,
4/23/2011,03 11 47 48 58 19,3,$74 Million,1,IN,,,
4/27/2011,04 24 40 44 55 05,2,$20 Million,R,,,,
4/30/2011,06 13 15 32 41 03,2,$25 Million,R,,,,
5/4/2011,03 15 27 29 41 24,4,$36.9 Million,R,,,,
5/7/2011,02 11 27 47 55 15,4,$51.1 Million,R,,,,
5/11/2011,09 17 32 43 45 31,3,$65.2 Million,R,,,,
5/14/2011,08 17 18 40 44 16,2,$81.6 Million,R,,,,
5/18/2011,07 12 13 42 49 16,4,$98.9 Million,R,,,,
5/21/2011,02 08 40 49 50 36,3,$121 Million,R,,,,
5/25/2011,04 23 31 42 50 23,2,$144 Million,R,,,,
5/28/2011,12 20 43 51 55 11,4,$169 Million,R,,,,
6/1/2011,08 18 38 46 56 31,4,$201 Million,1,NY,,,
6/4/2011,17 19 39 41 58 21,5,$20 Million,R,,,,
6/8/2011,14 37 44 45 53 29,5,$35.6 Million,1,MA,,,
6/11/2011,16 18 27 36 50 08,3,$20 Million,R,,,,
6/15/2011,19 20 38 41 43 29,4,$25 Million,R,,,,
6/18/2011,12 21 22 38 41 18,2,$36.7 Million,R,,,,
6/22/2011,12 15 19 46 59 12,4,$49 Million,R,,,,
6/25/2011,18 36 39 41 57 12,4,$63.3 Million,R,,,,
6/29/2011,24 30 45 57 59 26,3,$77.1 Million,1,GA,,,
7/2/2011,01 11 18 29 51 32,3,$20 Million,R,,,,
7/6/2011,11 15 24 50 55 08,2,$25 Million,R,,,,
7/9/2011,01 09 11 23 31 06,3,$36.1 Million,R,,,,
7/13/2011,08 18 19 32 54 08,4,$48.6 Million,R,,,,
7/16/2011,24 28 48 50 54 25,3,$62.4 Million,R,,,,
7/20/2011,01 04 38 40 42 17,4,$73.6 Million,R,,,,
7/23/2011,01 07 27 38 48 30,3,$93.6 Million,R,,,,
7/27/2011,38 40 41 51 59 33,2,$113 Million,R,,,,
7/30/2011,20 40 41 47 55 19,2,$135 Million,R,,,,
8/3/2011,13 19 21 28 49 11,2,$160 Million,R,,,,
8/6/2011,25 30 54 57 59 06,3,$182 Million,R,,,,
8/10/2011,11 18 36 41 46 38,4,$228 Million,1,MN,,,
8/13/2011,09 12 35 50 58 04,2,$20 Million,R,,,,
8/17/2011,18 28 31 48 52 37,4,$25 Million,R,,,,
8/20/2011,02 17 23 28 47 36,2,$35.8 Million,R,,,,
8/24/2011,09 13 47 49 53 39,5,$47.9 Million,R,,,,
8/27/2011,02 12 25 54 58 14,3,$62.9 Million,R,,,,
8/31/2011,13 19 35 47 57 29,5,$76.5 Million,R,,,,
9/3/2011,15 25 52 53 54 02,5,$91.5 Million,R,,,,
9/7/2011,03 05 18 27 54 13,4,$107 Million,1,MD,,,
9/10/2011,04 19 22 32 53 24,4,$20 Million,R,,,,
9/14/2011,16 41 42 50 59 05,3,$25 Million,1,GA,,,
9/17/2011,06 20 22 32 43 11,2,$20 Million,R,,,,
9/21/2011,12 47 48 52 55 13,4,$25 Million,R,,,,
9/24/2011,03 04 12 27 44 26,5,$30 Million,R,,,,
9/28/2011,30 41 50 51 53 08,2,$37.1 Million,R,,,,
10/1/2011,01 12 23 27 43 31,3,$48.9 Million,R,,,,
10/5/2011,07 20 43 46 54 17,4,$60.2 Million,R,,,,
10/8/2011,03 27 35 37 45 31,5,$74.1 Million,R,,,,
10/12/2011,10 12 23 43 47 18,3,$87.2 Million,R,,,,
10/15/2011,05 10 24 38 43 01,4,$107 Million,R,,,,
10/19/2011,16 26 35 52 58 02,5,$125 Million,R,,,,
10/22/2011,03 08 23 30 58 13,4,$148 Million,R,,,,
10/26/2011,01 18 21 39 55 06,3,$173 Million,R,,,,
10/29/2011,11 16 40 51 56 38,5,$209 Million,R,,,,
11/2/2011,12 14 34 39 46 36,4,$245 Million,1,CT,,,
11/5/2011,02 33 39 40 43 26,3,$20 Million,R,,,,
11/9/2011,05 35 57 58 59 12,3,$25 Million,R,,,,
11/12/2011,04 35 36 51 56 08,5,$35.4 Million,R,,,,
11/16/2011,13 22 25 39 51 28,2,$47.1 Million,R,,,,
11/19/2011,09 16 17 28 30 11,3,$59.9 Million,1,PA,,,
11/23/2011,04 30 35 57 59 25,2,$20 Million,R,,,,
11/26/2011,20 37 39 45 55 28,2,$25 Million,R,,,,
11/30/2011,02 06 34 35 47 22,2,$30 Million,R,,,,
12/3/2011,05 18 33 43 45 08,3,$42.2 Million,R,,,,
12/7/2011,03 14 20 39 40 37,2,$53.2 Million,R,,,,
12/10/2011,04 19 33 41 59 09,5,$67 Million,R,,,,
12/14/2011,02 24 46 52 56 19,5,$78 Million,R,,,,
12/17/2011,13 28 49 51 59 33,4,$91 Million,R,,,,
12/21/2011,10 13 15 31 54 18,5,$104 Million,R,,,,
12/24/2011,14 16 30 51 52 19,2,$128 Million,1,MD,,,
12/28/2011,16 21 27 41 45 14,2,$20 Million,R,,,,
12/31/2011,05 23 25 28 40 34,4,$25 Million,R,,,,
1/4/2012,21 35 46 47 50 02,4,$30 Million,R,,,,
1/7/2012,03 21 24 38 39 24,5,$44 Million,R,,,,
1/11/2012,05 19 29 45 47 25,2,$54 Million,R,,,,
1/14/2012,10 30 36 38 41 01,5,$66 Million,R,,,,
1/18/2012,06 29 34 44 50 28,1,$80 Million,R,,,,
1/21/2012,12 24 43 44 45 07,1,$100 Million,R,,,,
1/25/2012,04 19 28 29 47 05,1,$120 Million,R,,,,
1/28/2012,05 33 41 54 59 13,1,$146 Million,R,,,,
2/1/2012,08 13 17 34 59 35,1,$170 Million,R,,,,
2/4/2012,15 23 43 45 56 07,1,$200 Million,R,,,,
2/8/2012,17 28 38 39 51 33,1,$250 Million,R,,,,
2/11/2012,01 10 37 52 57 11,1,$336 Million,1,RI,,,
2/15/2012,11 12 32 52 56 11,1,$40 Million,R,,,,
2/18/2012,23 28 50 56 59 05,1,$50 Million,R,,,,
2/22/2012,07 16 17 39 51 32,1,$60 Million,R,,,,
2/25/2012,06 11 42 53 54 07,1,$70 Million,1,NY,,,
2/29/2012,01 04 11 23 26 14,1,$40 Million,R,,,,
3/3/2012,29 30 45 47 49 35,1,$50 Million,R,,,,
3/7/2012,12 35 45 46 47 12,1,$60 Million,1,RI,,,
3/10/2012,05 14 17 20 41 05,1,$40 Million,R,,,,
3/14/2012,01 08 41 46 59 24,1,$50 Million,R,,,,
3/17/2012,11 14 49 55 58 30,1,$60 Million,R,,,,
3/21/2012,32 43 53 55 56 06,1,$70 Million,1,NJ,,,
3/24/2012,01 15 35 37 47 08,1,$40 Million,R,,,,
3/28/2012,11 16 29 50 58 33,1,$50 Million,R,,,,
3/31/2012,05 14 36 54 58 27,1,$60 Million,R,,,,
4/4/2012,01 24 33 45 49 06,1,$70 Million,R,,,,
4/7/2012,05 13 17 20 30 18,1,$80 Million,R,,,,
4/11/2012,16 23 42 44 47 02,1,$94 Million,R,,,,
4/14/2012,14 15 16 19 24 02,1,$113 Million,R,,,,
4/18/2012,20 22 39 46 49 29,1,$131 Million,R,,,,
4/21/2012,06 08 20 42 51 16,1,$152 Million,R,,,,
4/25/2012,04 25 29 34 43 29,1,$173 Million,1,PA,,,
4/28/2012,31 39 40 57 58 33,1,$40 Million,R,,,,
5/2/2012,07 08 33 38 50 29,1,$50 Million,R,,,,
5/5/2012,09 12 20 44 59 23,1,$60 Million,R,,,,
5/9/2012,01 07 11 55 56 01,1,$70 Million,R,,,,
5/12/2012,10 24 35 53 58 22,1,$80 Million,R,,,,
5/16/2012,03 07 21 28 43 02,1,$90 Million,R,,,,
5/19/2012,08 13 35 46 51 30,1,$100 Million,R,,,,
5/23/2012,04 07 26 53 59 32,1,$110 Million,R,,,,
5/26/2012,13 14 41 49 59 14,1,$128 Million,R,,,,
5/30/2012,09 10 24 52 56 14,1,$146 Million,R,,,,
6/2/2012,09 10 17 29 45 33,1,$164 Million,R,,,,
6/6/2012,19 30 33 48 59 27,1,$177 Million,R,,,,
6/9/2012,18 22 45 56 57 27,1,$205 Million,R,,,,
6/13/2012,07 10 14 33 57 18,1,$241 Million,1,IA,,,
6/16/2012,08 14 15 16 27 26,1,$40 Million,R,,,,
6/20/2012,11 17 29 56 57 14,1,$50 Million,R,,,,
6/23/2012,01 03 41 44 53 30,1,$60 Million,1,CT,,,
6/27/2012,06 34 40 46 58 06,1,$40 Million,R,,,,
6/30/2012,07 15 20 41 44 22,1,$50 Million,R,,,,
7/4/2012,14 19 35 39 56 33,1,$60 Million,R,,,,
7/7/2012,03 05 29 39 59 29,1,$70 Million,R,,,,
7/11/2012,05 22 36 49 55 23,1,$80 Million,R,,,,
7/14/2012,04 16 32 37 46 13,1,$90 Million,R,,,,
7/18/2012,02 05 20 23 57 03,1,$100 Million,R,,,,
7/21/2012,09 31 38 54 56 20,1,$110 Million,R,,,,
7/25/2012,03 14 35 38 46 16,1,$121 Million,R,,,,
7/28/2012,05 06 13 36 50 13,1,$139 Million,R,,,,
8/1/2012,03 16 48 56 58 04,1,$158 Million,R,,,,
8/4/2012,19 30 48 53 55 18,1,$181 Million,R,,,,
8/8/2012,03 07 11 15 28 12,1,$212 Million,R,,,,
8/11/2012,04 13 39 46 51 01,1,$253 Million,R,,,,
8/15/2012,06 27 46 51 56 21,1,$337 Million,1,MI,,,
8/18/2012,14 26 41 55 59 01,1,$40 Million,R,,,,
8/22/2012,22 29 31 47 55 19,1,$50 Million,R,,,,
8/25/2012,01 06 07 20 49 23,1,$60 Million,R,,,,
8/29/2012,25 28 49 54 56 28,1,$70 Million,R,,,,
9/1/2012,08 11 21 44 49 22,1,$80 Million,R,,,,
9/5/2012,04 19 26 42 51 29,1,$90 Million,R,,,,
9/8/2012,06 20 34 44 48 29,1,$100 Million,R,,,,
9/12/2012,24 33 36 48 56 06,1,$110 Million,R,,,,
9/15/2012,03 20 26 43 48 01,1,$125 Million,R,,,,
9/19/2012,01 05 08 39 50 23,1,$149 Million,R,,,,
9/22/2012,02 16 18 40 42 33,1,$174 Million,R,,,,
9/26/2012,13 26 39 41 42 10,1,$202 Million,1,IA,,,
9/29/2012,14 18 28 29 57 08,1,$40 Million,R,,,,
10/3/2012,17 23 36 55 59 10,1,$50 Million,1,DE,,,
10/6/2012,15 26 34 36 59 35,1,$40 Million,R,,,,
10/10/2012,18 26 29 35 43 28,1,$50 Million,R,,,,
10/13/2012,02 05 25 26 49 18,1,$60 Million,R,,,,
10/17/2012,01 07 10 23 42 35,1,$70 Million,R,,,,
10/20/2012,04 21 28 31 44 10,1,$80 Million,R,,,,
10/24/2012,03 18 21 23 50 04,1,$90 Million,R,,,,
10/27/2012,22 32 34 36 56 33,1,$100 Million,R,,,,
10/31/2012,01 27 31 45 48 05,1,$110 Million,R,,,,
11/3/2012,04 07 09 30 54 25,1,$124 Million,R,,,,
11/7/2012,32 34 45 52 58 20,1,$143 Million,R,,,,
11/10/2012,32 42 50 54 55 32,1,$168 Million,R,,,,
11/14/2012,08 10 30 44 58 13,1,$185 Million,R,,,,
11/17/2012,03 15 27 58 59 20,1,$214 Million,R,,,,
11/21/2012,08 18 24 30 39 26,1,$250 Million,R,,,,
11/24/2012,22 32 37 44 50 34,1,$325 Million,R,,,,
11/28/2012,05 16 22 23 29 06,1,$587 Million,2,MO,AZ,,
12/1/2012,03 10 19 36 46 03,1,$40 Million,R,,,,
12/5/2012,13 17 19 27 38 12,1,$50 Million,1,PA,,,
12/8/2012,07 23 26 40 53 21,1,$40 Million,R,,,,
12/12/2012,08 10 25 36 44 28,1,$50 Million,2,MA,MA,,
12/15/2012,15 23 40 44 55 14,1,$40 Million,R,,,,
12/19/2012,05 08 20 23 30 03,1,$50 Million,1,KS,,,
12/22/2012,01 18 35 39 44 11,1,$40 Million,R,,,,
12/26/2012,11 13 23 43 54 04,1,$50 Million,1,FL,,,
12/29/2012,36 46 50 52 55 14,1,$40 Million,R,,,,
1/2/2013,18 20 28 35 53 20,1,$50 Million,R,,,,
1/5/2013,26 30 49 51 54 25,1,$60 Million,R,,,,
1/9/2013,11 13 20 27 59 26,1,$70 Million,R,,,,
1/12/2013,10 14 21 23 47 07,1,$80 Million,R,,,,
1/16/2013,09 21 28 32 51 35,1,$90 Million,R,,,,
1/19/2013,08 28 29 34 38 35,1,$100 Million,R,,,,
1/23/2013,11 12 24 43 45 09,1,$110 Million,R,,,,
1/26/2013,03 22 26 41 49 18,1,$130 Million,R,,,,
1/30/2013,14 16 32 47 52 16,1,$151 Million,R,,,,
2/2/2013,11 16 33 40 41 34,1,$176 Million,R,,,,
2/6/2013,05 27 36 38 41 12,1,$217 Million,1,VA,,,
2/9/2013,05 06 16 36 58 03,1,$40 Million,R,,,,
2/13/2013,12 23 25 27 43 29,1,$50 Million,R,,,,
2/16/2013,15 16 46 50 58 29,1,$60 Million,R,,,,
2/20/2013,03 17 19 25 32 17,1,$70 Million,R,,,,
2/23/2013,02 05 31 39 41 29,1,$80 Million,R,,,,
2/27/2013,03 14 20 34 48 21,1,$90 Million,R,,,,
3/2/2013,03 08 13 41 56 16,1,$103 Million,R,,,,
3/6/2013,06 10 23 41 45 01,1,$123 Million,R,,,,
3/9/2013,10 37 40 46 52 12,1,$150 Million,R,,,,
3/13/2013,05 09 28 32 38 29,1,$183 Million,R,,,,
3/16/2013,03 07 21 44 53 16,1,$216 Million,R,,,,
3/20/2013,13 14 17 43 54 15,1,$260 Million,R,,,,
3/23/2013,17 29 31 52 53 31,1,$338 Million,1,NJ,,,
3/27/2013,07 37 43 48 52 16,1,$40 Million,R,,,,
3/30/2013,11 23 26 46 55 27,1,$50 Million,1,IL,,,
4/3/2013,01 06 08 12 35 03,1,$40 Million,R,,,,
4/6/2013,04 07 08 29 39 24,1,$50 Million,R,,,,
4/10/2013,01 36 40 52 53 20,1,$60 Million,R,,,,
4/13/2013,10 12 31 56 57 33,1,$70 Million,R,,,,
4/17/2013,13 18 36 48 58 28,1,$80 Million,R,,,,
4/20/2013,06 08 30 39 48 20,1,$95 Million,R,,,,
4/24/2013,09 19 31 56 59 02,1,$116 Million,R,,,,
4/27/2013,03 23 48 54 55 05,1,$140 Million,R,,,,
5/1/2013,22 26 31 54 55 18,1,$165 Million,R,,,,
5/4/2013,07 12 26 36 40 17,1,$191 Million,R,,,,
5/8/2013,21 22 26 30 57 27,1,$222 Million,R,,,,
5/11/2013,06 13 19 23 43 16,1,$270 Million,R,,,,
5/15/2013,02 11 26 34 41 32,1,$360 Million,R,,,,
5/18/2013,10 13 14 22 52 11,1,$590 Million,1,FL,,,
5/22/2013,09 31 35 41 57 26,1,$40 Million,R,,,,
5/25/2013,02 06 19 21 27 25,1,$50 Million,3,LA,FL,DE,
5/29/2013,09 14 17 49 57 02,1,$40 Million,1,TX,,,
6/1/2013,22 28 33 53 59 14,1,$40 Million,R,,,,
6/5/2013,04 26 33 36 55 32,1,$50 Million,R,,,,
6/8/2013,02 11 22 26 32 19,1,$60 Million,R,,,,
6/12/2013,16 22 23 42 55 32,1,$70 Million,R,,,,
6/15/2013,28 36 40 48 55 01,1,$85 Million,R,,,,
6/19/2013,07 46 47 52 57 17,1,$105 Million,R,,,,
6/22/2013,13 19 23 33 57 28,1,$131 Million,1,PA,,,
6/26/2013,01 18 33 39 46 33,1,$40 Million,R,,,,
6/29/2013,08 28 30 53 56 16,1,$50 Million,R,,,,
7/3/2013,03 06 29 40 51 04,1,$60 Million,R,,,,
7/6/2013,02 13 35 36 52 11,1,$70 Million,R,,,,
7/10/2013,30 31 45 55 59 27,1,$80 Million,R,,,,
7/13/2013,02 08 22 35 37 06,1,$94 Million,R,,,,
7/17/2013,01 22 34 38 42 17,1,$116 Million,R,,,,
7/20/2013,14 25 27 38 58 06,1,$141 Million,R,,,,
7/24/2013,09 29 40 44 54 07,1,$166 Million,R,,,,
7/27/2013,09 23 40 53 58 06,1,$196 Million,R,,,,
7/31/2013,08 24 39 49 59 05,1,$235 Million,R,,,,
8/3/2013,21 24 36 42 45 15,1,$300 Million,R,,,,
8/7/2013,05 25 30 58 59 32,1,$448 Million,3,NJ,NJ,MN,
8/10/2013,04 12 14 37 58 13,1,$40 Million,R,,,,
8/14/2013,04 11 17 43 51 20,1,$50 Million,R,,,,
8/17/2013,18 21 46 54 56 23,1,$60 Million,R,,,,
8/21/2013,30 40 42 46 48 23,1,$70 Million,R,,,,
8/24/2013,12 17 25 45 59 19,1,$92 Million,R,,,,
8/28/2013,06 07 09 19 32 13,1,$116 Million,R,,,,
8/31/2013,02 07 25 40 56 20,1,$142 Million,R,,,,
9/4/2013,02 09 26 45 47 11,1,$169 Million,R,,,,
9/7/2013,02 19 22 26 45 24,1,$203 Million,R,,,,
9/11/2013,11 19 33 42 52 33,1,$245 Million,R,,,,
9/14/2013,01 17 25 37 44 20,1,$317 Million,R,,,,
9/18/2013,07 10 22 32 35 19,1,$399 Million,1,SC,,,
9/21/2013,12 17 45 54 58 13,1,$40 Million,R,,,,
9/25/2013,02 07 17 49 53 23,1,$50 Million,R,,,,
9/28/2013,14 47 52 53 54 05,1,$60 Million,R,,,,
10/2/2013,04 06 25 42 51 17,1,$70 Million,R,,,,
10/5/2013,11 12 17 39 40 05,1,$86 Million,R,,,,
10/9/2013,03 09 19 33 38 18,1,$108 Million,R,,,,
10/12/2013,08 10 26 57 58 04,1,$133 Million,R,,,,
10/16/2013,03 26 28 34 42 28,1,$156 Million,R,,,,
10/19/2013,09 33 54 56 57 05,1,$186 Million,R,,,,
10/23/2013,03 23 31 34 47 13,1,$216 Million,1,CA,,,
10/26/2013,04 06 34 49 56 29,1,$40 Million,R,,,,
10/30/2013,02 36 40 49 54 10,1,$50 Million,R,,,,
11/2/2013,13 23 24 27 40 17,1,$60 Million,R,,,,
11/6/2013,01 05 10 15 49 22,1,$70 Million,R,,,,
11/9/2013,03 09 37 49 56 32,1,$87 Million,R,,,,
11/13/2013,05 31 50 55 56 09,1,$110 Million,R,,,,
11/16/2013,10 29 37 44 59 10,1,$130 Million,1,NY,,,
11/20/2013,04 18 23 32 45 07,1,$40 Million,R,,,,
11/23/2013,05 12 43 52 55 10,1,$50 Million,R,,,,
11/27/2013,18 25 50 55 57 17,1,$60 Million,R,,,,
11/30/2013,05 26 44 45 57 29,1,$70 Million,R,,,,
12/4/2013,06 09 11 31 44 25,1,$81 Million,R,,,,
12/7/2013,13 20 32 45 48 17,1,$100 Million,R,,,,
12/11/2013,01 10 13 18 19 27,1,$122.9 Million,2,NE,MA,,
12/14/2013,14 25 32 33 41 34,1,$40 Million,R,,,,
12/18/2013,07 24 37 39 40 01,1,$50 Million,R,,,,
12/21/2013,25 36 40 45 51 08,1,$60 Million,R,,,,
12/25/2013,23 28 38 39 56 32,1,$71.5 Million,1,MO,,,
12/28/2013,08 35 44 51 56 18,1,$40 Million,R,,,,
1/1/2014,15 24 40 48 52 23,1,$50 Million,R,,,,
1/4/2014,19 20 37 41 58 14,1,$60 Million,R,,,,
1/8/2014,10 28 39 47 58 22,1,$70 Million,R,,,,
1/11/2014,10 15 33 48 54 34,1,$80 Million,R,,,,
1/15/2014,07 08 09 24 29 25,1,$93 Million,R,,,,
1/18/2014,13 14 19 31 38 25,1,$113 Million ,R,,,,
1/22/2014,01 02 07 09 55 29,3,$131 Million,R,,,,
1/25/2014,08 12 18 55 57 02,2,$152 Million,R,,,,
1/29/2014,11 23 28 32 47 20,2,$171 Million,R,,,,
2/1/2014,05 12 15 27 38 07,2,$194 Million,R,,,,
2/5/2014,08 17 32 57 59 24,3,$215 Million,R,,,,
2/8/2014,24 25 34 37 54 29,2,$247 Million,R,,,,
2/12/2014,36 44 49 52 57 01,2,$284 Million,R,,,,
2/15/2014,02 09 14 21 23 03,3,$330 Million,R,,,,
2/19/2014,01 17 35 49 54 34,3,$425 Million,1,CA,,,
2/22/2014,02 03 13 14 54 04,5,$40 Million,R,,,,
2/26/2014,11 12 17 38 42 02,2,$50 Million,R,,,,
3/1/2014,03 08 25 30 47 13,4,$60 Million,1,CA,,,
3/5/2014,03 07 09 26 54 19,2,$40 Million,R,,,,
3/8/2014,10 14 24 32 41 30,2,$50 Million,R,,,,
3/12/2014,14 15 28 37 54 10,2,$60 Million,R,,,,
3/15/2014,02 05 34 51 58 09,4,$70 Million,R,,,,
3/19/2014,02 19 23 34 43 14,2,$80 Million,R,,,,
3/22/2014,13 28 31 55 58 15,2,$96.5 Million,1,MO,,,
3/26/2014,28 33 41 44 59 21,2,$40 Million,R,,,,
3/29/2014,02 03 12 27 38 17,2,$50 Million,R,,,,
4/2/2014,08 13 19 22 53 24,2,$60 Million,R,,,,
4/5/2014,11 21 26 33 34 29,5,$70 Million,R,,,,
4/9/2014,09 14 44 48 49 29,2,$80 Million,R,,,,
4/12/2014,14 26 45 54 55 20,2,$94 Million,R,,,,
4/16/2014,34 39 42 44 59 08,3,$110 Million,R,,,,
4/19/2014,05 06 29 35 51 21,5,$128 Million,R,,,,
4/23/2014,19 25 29 36 48 12,4,$148 Million,1,FL,,,
4/26/2014,03 07 22 30 33 20,3,$40 Million,R,,,,
4/30/2014,02 09 11 19 50 32,3,$50 Million,R,,,,
5/3/2014,05 15 16 46 49 26,4,$60 Million,R,,,,
5/7/2014,17 29 31 48 49 34,2,$70 Million,R,,,,
5/10/2014,04 31 41 47 55 01,2,$80 Million,R,,,,
5/14/2014,07 33 39 52 55 33,3,$90 Million,R,,,,
5/17/2014,23 32 39 47 49 22,3,$100 Million,R,,,,
5/21/2014,04 20 34 39 58 31,5,$114 Million,R,,,,
5/24/2014,15 16 28 49 55 18,2,$132 Million,R,,,,
5/28/2014,02 24 28 32 59 25,3,$152 Million,R,,,,
5/31/2014,15 27 31 34 48 01,2,$173 Million,R,,,,
6/4/2014,01 07 10 22 49 24,3,$192 Million,R,,,,
6/7/2014,28 30 35 58 59 15,2,$221 Million,R,,,,
6/11/2014,14 18 25 33 49 23,5,$259 Million,1,TN,,,
6/14/2014,09 33 42 45 54 30,3,$40 Million,R,,,,
6/18/2014,06 09 29 52 59 07,3,$50 Million,R,,,,
6/21/2014,05 06 37 41 54 26,3,$60 Million,R,,,,
6/25/2014,10 20 25 50 53 35,4,$70 Million,R,,,,
6/28/2014,08 12 34 43 56 09,2,$80 Million,R,,,,
7/2/2014,08 18 45 53 58 35,2,$90 Million,R,,,,
7/5/2014,24 34 36 57 58 11,4,$101 Million,R,,,,
7/9/2014,09 25 42 55 57 14,2,$124 Million,1,OH,,,
7/12/2014,02 03 07 23 51 26,2,$40 Million,R,,,,
7/16/2014,05 15 18 26 32 35,3,$50 Million,R,,,,
7/19/2014,10 17 25 45 53 09,2,$60 Million,1,CA,,,
7/23/2014,04 10 12 22 31 03,5,$40 Million,R,,,,
7/26/2014,24 28 30 38 39 16,2,$50 Million,R,,,,
7/30/2014,13 30 42 49 53 29,3,$60 Million,R,,,,
8/2/2014,12 26 44 46 47 29,2,$70 Million,R,,,,
8/6/2014,01 08 24 28 49 24,5,$80 Million,R,,,,
8/9/2014,03 12 31 34 51 24,2,$90 Million,1,CO,,,
8/13/2014,08 37 39 40 52 24,2,$40 Million,R,,,,
8/16/2014,07 08 17 48 59 09,2,$50 Million,R,,,,
8/20/2014,04 08 21 38 40 03,2,$60 Million,R,,,,
8/23/2014,28 32 35 36 52 31,3,$70 Million,R,,,,
8/27/2014,17 24 26 45 46 19,3,$80 Million,R,,,,
8/30/2014,05 28 31 52 59 27,2,$90 Million,R,,,,
9/3/2014,02 16 43 45 51 35,3,$100 Million,R,,,,
9/6/2014,09 29 31 43 50 18,2,$110 Million,R,,,,
9/10/2014,02 14 39 40 43 13,5,$127 Million,R,,,,
9/13/2014,01 06 16 37 53 27,3,$149 Million,R,,,,
9/17/2014,18 25 36 48 50 23,2,$171 Million,R,,,,
9/20/2014,22 23 30 37 39 16,4,$196 Million,R,,,,
9/24/2014,07 14 21 24 41 26,4,$228 Million,1,CA,,,
9/27/2014,02 11 35 52 54 13,3,$40 Million,R,,,,
10/1/2014,01 04 18 20 45 07,2,$50 Million,R,,,,
10/4/2014,13 18 24 25 33 31,2,$60 Million,R,,,,
10/8/2014,05 16 31 46 50 18,3,$70 Million,R,,,,
10/11/2014,10 19 37 38 39 28,2,$80 Million,R,,,,
10/15/2014,05 07 19 27 28 20,2,$90 Million,R,,,,
10/18/2014,20 26 27 36 54 19,2,$100 Million,R,,,,
10/22/2014,29 30 40 42 50 16,2,$110 Million,R,,,,
10/25/2014,06 10 51 54 57 12,2,$125 Million,R,,,,
10/29/2014,25 28 48 57 59 16,3,$142 Million,R,,,,
11/1/2014,01 03 13 25 38 17,2,$159 Million,R,,,,
11/5/2014,02 11 19 21 42 34,3,$178 Million,R,,,,
11/8/2014,09 19 33 38 54 15,3,$202 Million,1,MO,,,
11/12/2014,37 39 51 52 55 11,3,$40 Million,R,,,,
11/15/2014,13 16 33 35 51 28,2,$50 Million,R,,,,
11/19/2014,06 36 38 48 51 17,2,$60 Million,R,,,,
11/22/2014,23 49 53 54 57 35,2,$70 Million,R,,,,
11/26/2014,16 17 22 46 54 35,5,$80 Million,R,,,,
11/29/2014,13 24 30 42 48 27,2,$90 Million,1,WA,,,
12/3/2014,25 30 32 46 54 26,3,$40 Million,R,,,,
12/6/2014,12 15 22 43 49 14,2,$50 Million,R,,,,
12/10/2014,34 44 48 54 55 10,2,$60 Million,R,,,,
12/13/2014,05 13 28 43 55 33,3,$70 Million,R,,,,
12/17/2014,22 31 38 47 48 15,3,$80 Million,R,,,,
12/20/2014,14 15 19 31 56 05,5,$90 Million,R,,,,
12/24/2014,11 12 46 47 50 22,4,$100 Million,R,,,,
12/27/2014,07 10 11 14 36 15,2,$110 Million,R,,,,
12/31/2014,17 27 37 40 53 35,2,$120 Million,R,,,,
1/3/2015,04 18 43 46 55 25,3,$131 Million,R,,,,
1/7/2015,14 15 47 49 59 10,2,$146 Million,R,,,,
1/10/2015,02 09 19 28 29 19,5,$162 Million,R,,,,
1/14/2015,02 04 10 41 53 22,5,$176 Million,R,,,,
1/17/2015,15 16 23 27 36 09,2,$194 Million,R,,,,
1/21/2015,11 12 15 28 57 23,4,$208 Million,R,,,,
1/24/2015,16 19 20 29 33 10,2,$230 Million,R,,,,
1/28/2015,12 24 35 36 49 01,5,$261 Million,R,,,,
1/31/2015,05 11 16 26 50 34,2,$289 Million,R,,,,
2/4/2015,24 36 51 52 56 22,2,$317 Million,R,,,,
2/7/2015,05 10 21 34 58 33,5,$360 Million,R,,,,
2/11/2015,11 13 25 39 54 19,3,$564 Million,3,NC,PR,TX,
2/14/2015,01 24 44 45 51 28,2,$40 Million,R,,,,
2/18/2015,01 09 29 32 49 22,2,$50 Million,R,,,,
2/21/2015,10 14 18 34 51 26,2,$60 Million,R,,,,
2/25/2015,17 19 21 32 39 08,3,$70 Million,R,,,,
2/28/2015,11 17 25 28 46 12,2,$80 Million,R,,,,
3/4/2015,08 12 15 35 50 32,2,$90 Million,R,,,,
3/7/2015,34 36 38 42 50 33,4,$100 Million,R,,,,
3/11/2015,11 24 31 40 44 27,2,$119 Million,R,,,,
3/14/2015,08 14 39 46 47 18,2,$136 Million,1,NY,,,
3/18/2015,14 25 30 33 47 08,2,$40 Million,R,,,,
3/21/2015,11 16 30 38 42 07,4,$50 Million,1,TN,,,
3/25/2015,07 19 23 50 54 14,2,$40 Million,1,NJ,,,
3/28/2015,02 04 06 12 38 17,3,$40 Million,R,,,,
4/1/2015,02 30 33 39 44 01,3,$50 Million,R,,,,
4/4/2015,33 39 40 41 54 28,3,$60 Million,R,,,,
4/8/2015,01 19 45 46 58 29,2,$70 Million,R,,,,
4/11/2015,01 12 32 42 58 12,2,$80 Million,1,FL,,,
4/15/2015,01 16 21 29 40 30,3,$40 Million,R,,,,
4/18/2015,13 22 23 29 31 17,3,$50 Million,1,PR,,,
4/22/2015,10 14 25 39 53 18,2,$40 Million,R,,,,
4/25/2015,21 33 35 38 45 12,2,$50 Million,R,,,,
4/29/2015,01 26 34 38 51 06,3,$60 Million,R,,,,
5/2/2015,02 06 11 30 31 33,3,$70 Million,R,,,,
5/6/2015,23 24 27 39 41 30,5,$80 Million,R,,,,
5/9/2015,04 15 17 35 58 17,3,$90 Million,R,,,,
5/13/2015,01 25 29 31 47 07,3,$100 Million,R,,,,
5/16/2015,24 29 38 48 52 32,2,$110 Million,R,,,,
5/20/2015,01 12 28 35 44 25,3,$121 Million,R,,,,
5/23/2015,09 15 17 31 43 16,4,$138 Million,R,,,,
5/27/2015,08 15 34 53 59 23,2,$154 Million,R,,,,
5/30/2015,08 09 25 56 57 22,2,$171 Million,R,,,,
6/3/2015,06 08 13 37 40 11,2,$188 Million,1,AZ,,,
6/6/2015,08 13 18 27 43 15,4,$40 Million,R,,,,
6/10/2015,31 32 48 49 53 25,2,$50 Million,R,,,,
6/13/2015,29 41 48 52 54 29,2,$60 Million,R,,,,
6/17/2015,20 21 22 41 54 07,3,$70 Million,R,,,,
6/20/2015,09 10 16 20 57 15,2,$80 Million,1,FL,,,
6/24/2015,03 05 10 22 32 07,4,$40 Million,R,,,,
6/27/2015,18 28 35 46 49 27,5,$50 Million,R,,,,
7/1/2015,07 24 26 31 41 25,2,$60 Million,R,,,,
7/4/2015,03 06 14 18 24 21,3,$70 Million,1,MO,,,
7/8/2015,04 15 25 27 30 18,3,$40 Million,R,,,,
7/11/2015,11 39 46 52 54 03,2,$50 Million,R,,,,
7/15/2015,13 16 34 45 50 11,2,$60 Million,R,,,,
7/18/2015,06 37 39 45 55 33,3,$70 Million,R,,,,
7/22/2015,12 31 43 44 57 11,2,$80 Million,R,,,,
7/25/2015,27 29 34 41 44 02,3,$90 Million,R,,,,
7/29/2015,04 22 27 28 52 35,3,$100 Million,R,,,,
8/1/2015,07 13 24 49 57 15,3,$110 Million,1,CA,,,
8/5/2015,09 11 14 16 42 19,2,$40 Million,R,,,,
8/8/2015,09 34 48 52 54 15,4,$50 Million,R,,,,
8/12/2015,08 13 29 38 52 28,2,$60 Million,R,,,,
8/15/2015,03 13 17 42 52 24,4,$70 Million,R,,,,
8/19/2015,06 08 43 48 50 07,2,$80 Million,R,,,,
8/22/2015,04 12 14 21 55 07,4,$90 Million,R,,,,
8/26/2015,02 22 32 45 56 12,5,$100 Million,R,,,,
8/29/2015,18 21 25 28 29 16,2,$110 Million,R,,,,
9/2/2015,17 22 30 46 56 16,3,$120 Million,R,,,,
9/5/2015,10 16 18 29 45 19,2,$133 Million,R,,,,
9/9/2015,44 45 47 50 51 08,2,$149 Million,R,,,,
9/12/2015,02 03 13 16 35 27,3,$167 Million,R,,,,
9/16/2015,05 07 24 31 39 07,3,$185 Million,R,,,,
9/19/2015,12 17 26 43 48 24,2,$208 Million,R,,,,
9/23/2015,08 29 41 51 58 05,2,$235 Million,R,,,,
9/26/2015,23 31 42 50 57 05,3,$267 Million,R,,,,
9/30/2015,21 39 40 55 59 17,3,$310 Million,1,MI,,,
10/3/2015,06 26 33 44 46 04,2,$40 Million,R,,,,
10/7/2015,18 30 40 48 52 09,3,$50 Million,R,,,,
10/10/2015,12 27 29 43 68 01,2,$60 Million,R,,,,
10/14/2015,15 20 29 31 40 01,2,$70 Million,R,,,,
10/17/2015,48 49 57 62 69 19,3,$80 Million,R,,,,
10/21/2015,30 32 42 56 57 11,4,$90 Million,R,,,,
10/24/2015,20 31 56 60 64 02,3,$100 Million,R,,,,
10/28/2015,04 54 56 62 63 10,2,$110 Million,R,,,,
10/31/2015,09 20 25 47 68 07,2,$127 Million,R,,,,
11/4/2015,02 12 17 20 65 17,4,$144 Million,1,TN,,,
11/7/2015,07 16 25 50 53 15,2,$40 Million,R,,,,
11/11/2015,04 26 32 55 64 18,3,$50 Million,R,,,,
11/14/2015,14 22 37 45 66 05,3,$60 Million,R,,,,
11/18/2015,17 40 41 46 69 06,2,$70 Million,R,,,,
11/21/2015,37 47 50 52 57 21,3,$80 Million,R,,,,
11/25/2015,16 29 53 58 69 21,2,$90 Million,R,,,,
11/28/2015,02 06 47 66 67 02,3,$100 Million,R,,,,
12/2/2015,14 18 19 32 64 09,2,$110 Million,R,,,,
12/5/2015,13 27 33 47 68 13,2,$127 Million,R,,,,
12/9/2015,07 10 16 46 56 01,2,$145 Million,R,,,,
12/12/2015,02 14 19 30 62 22,2,$164 Million,R,,,,
12/16/2015,09 10 32 42 55 06,2,$180 Million,R,,,,
12/19/2015,28 30 41 59 68 10,2,$202 Million,R,,,,
12/23/2015,16 38 55 63 67 25,4,$227 Million,R,,,,
12/26/2015,27 40 44 59 65 20,2,$261 Million,R,,,,
12/30/2015,12 36 38 54 61 22,3,$301 Million,R,,,,
1/2/2016,05 06 15 29 42 10,2,$355 Million,R,,,,
1/6/2016,02 11 47 62 63 17,3,$524 Million,R,,,,
1/9/2016,16 19 32 34 57 13,3,$949 Million,R,,,,
1/13/2016,04 08 19 27 34 10,2,$1586.4 Million,3,CA,FL,TN,
1/16/2016,03 51 52 61 64 06,2,$40 Million,R,,,,
1/20/2016,05 39 44 47 69 24,5,$50 Million,R,,,,
1/23/2016,22 32 34 40 69 19,4,$60 Million,R,,,,
1/27/2016,03 12 40 52 67 21,2,$80.6 Million,R,,,,
1/30/2016,05 12 16 31 43 18,4,$97.9 Million,R,,,,
2/3/2016,26 28 31 60 67 23,3,$116 Million,R,,,,
2/6/2016,04 13 31 36 52 08,3,$136 Million,R,,,,
2/10/2016,02 03 40 50 62 05,2,$155 Million,R,,,,
2/13/2016,07 15 18 19 36 20,2,$171 Million,R,,,,
2/17/2016,07 17 27 29 40 25,2,$190 Million,R,,,,
2/20/2016,11 12 15 16 54 25,5,$214 Million,R,,,,
2/24/2016,21 31 64 65 67 05,3,$237 Million,R,,,,
2/27/2016,10 11 21 22 53 18,3,$265 Million,R,,,,
3/2/2016,12 13 44 52 62 06,2,$291 Million,1,FL,,,
3/5/2016,03 27 34 59 69 19,2,$40 Million,R,,,,
3/9/2016,14 23 32 34 68 03,3,$50 Million,R,,,,
3/12/2016,11 28 50 57 62 23,2,$60 Million,R,,,,
3/16/2016,10 12 13 46 50 21,3,$70 Million,R,,,,
3/19/2016,11 23 43 54 60 03,3,$80 Million,R,,,,
3/23/2016,05 08 15 22 49 25,3,$90 Million,R,,,,
3/26/2016,11 23 42 52 68 06,3,$101 Million,R,,,,
3/30/2016,24 44 53 55 63 19,2,$117 Million,R,,,,
4/2/2016,09 28 30 40 61 03,2,$133 Million,R,,,,
4/6/2016,04 28 49 60 65 25,2,$149 Million,R,,,,
4/9/2016,14 22 23 41 61 09,3,$166 Million,R,,,,
4/13/2016,30 33 35 38 64 22,3,$184 Million,R,,,,
4/16/2016,03 18 25 32 51 03,2,$206 Million,R,,,,
4/20/2016,12 25 30 52 62 08,3,$228 Million,R,,,,
4/23/2016,19 35 46 59 62 13,5,$256 Million,R,,,,
4/27/2016,02 25 33 39 64 17,2,$282 Million,R,,,,
4/30/2016,03 12 16 32 34 14,3,$314 Million,R,,,,
5/4/2016,30 47 57 66 69 03,3,$361 Million,R,,,,
5/7/2016,05 25 26 44 66 09,2,$429 Million,1,NJ,,,
5/11/2016,20 32 52 66 69 23,3,$40 Million,R,,,,
5/14/2016,13 27 47 64 65 09,3,$50 Million,R,,,,
5/18/2016,23 25 39 54 67 11,3,$60 Million,R,,,,
5/21/2016,05 07 09 23 32 26,4,$70 Million,R,,,,
5/25/2016,11 24 41 59 64 15,3,$80 Million,R,,,,
5/28/2016,06 33 34 58 59 12,2,$90 Million,R,,,,
6/1/2016,23 30 33 40 69 12,5,$100 Million,R,,,,
6/4/2016,16 20 22 43 64 17,2,$110 Million,R,,,,
6/8/2016,12 25 37 60 69 20,3,$123 Million,R,,,,
6/11/2016,20 27 36 41 58 07,2,$137 Million,R,,,,
6/15/2016,04 22 24 31 33 10,2,$152 Million,R,,,,
6/18/2016,02 23 41 53 63 11,2,$168 Million,R,,,,
6/22/2016,14 40 42 43 52 17,3,$184 Million,R,,,,
6/25/2016,03 27 36 56 69 25,2,$202 Million,R,,,,
6/29/2016,23 29 37 60 64 06,2,$222 Million,R,,,,
7/2/2016,10 34 39 59 63 04,2,$239 Million,R,,,,
7/6/2016,02 24 31 57 66 18,3,$261 Million,R,,,,
7/9/2016,10 28 32 61 64 12,3,$280 Million,R,,,,
7/13/2016,03 15 29 54 57 10,3,$302 Million,R,,,,
7/16/2016,11 17 40 50 62 26,2,$335 Million,R,,,,
7/20/2016,06 25 35 58 66 05,2,$360 Million,R,,,,
7/23/2016,05 07 23 35 39 11,2,$391 Million,R,,,,
7/27/2016,10 47 50 65 68 24,2,$434 Million,R,,,,
7/30/2016,11 17 21 23 32 05,2,$487 Million,1,NH,,,
8/3/2016,09 11 27 66 67 02,3,$40 Million,R,,,,
8/6/2016,20 33 36 47 52 12,3,$54.6 Million,R,,,,
8/10/2016,23 56 61 64 67 12,5,$67.6 Million,R,,,,
8/13/2016,38 44 60 64 69 06,2,$81.4 Million,R,,,,
8/17/2016,33 44 49 50 52 08,3,$94.9 Million,R,,,,
8/20/2016,03 06 21 60 68 24,2,$112 Million,R,,,,
8/24/2016,09 11 25 64 65 16,3,$125 Million,R,,,,
8/27/2016,04 32 48 49 63 20,2,$140 Million,R,,,,
8/31/2016,05 10 24 56 61 12,2,$154 Million,R,,,,
9/3/2016,07 39 50 59 67 25,3,$171 Million,R,,,,
9/7/2016,22 23 29 33 55 21,2,$186 Million,R,,,,
9/10/2016,03 17 49 55 68 08,2,$205 Million,R,,,,
9/14/2016,10 11 23 28 31 14,2,$224 Million,R,,,,
9/17/2016,09 19 51 55 62 14,4,$246 Million,1,GA,,,
9/21/2016,01 28 63 67 69 17,4,$40 Million,R,,,,
9/24/2016,07 15 20 29 41 22,2,$50 Million,R,,,,
9/28/2016,30 38 52 53 62 01,3,$60 Million,R,,,,
10/1/2016,02 12 50 61 64 01,2,$70 Million,R,,,,
10/5/2016,08 18 27 29 60 15,2,$80 Million,R,,,,
10/8/2016,03 54 61 64 68 09,2,$92.6 Million,R,,,,
10/12/2016,16 30 34 37 44 16,2,$106 Million,R,,,,
10/15/2016,23 49 57 64 67 20,2,$122 Million,R,,,,
10/19/2016,10 16 38 43 63 23,2,$136 Million,R,,,,
10/22/2016,01 28 33 55 56 22,2,$150 Million,R,,,,
10/26/2016,02 03 16 48 56 24,2,$164 Million,R,,,,
10/29/2016,19 20 21 42 48 23,3,$183 Million,R,,,,
11/2/2016,13 18 37 54 61 05,2,$199 Million,R,,,,
11/5/2016,21 31 50 51 69 08,3,$217 Million,R,,,,
11/9/2016,01 25 28 31 54 02,2,$236 Million,R,,,,
11/12/2016,08 17 20 27 52 24,2,$258 Million,R,,,,
11/16/2016,28 41 61 63 65 07,2,$294 Million,R,,,,
11/19/2016,16 24 28 43 61 21,2,$333 Million,R,,,,
11/23/2016,07 32 41 47 61 03,2,$374 Million,R,,,,
11/26/2016,17 19 21 37 44 16,2,$420 Million,1,TN,,,
11/30/2016,03 14 18 25 45 07,2,$40 Million,R,,,,
12/3/2016,08 10 26 27 33 22,2,$55.2 Million,R,,,,
12/7/2016,41 48 49 53 64 20,2,$69.1 Million,R,,,,
12/10/2016,12 21 32 44 66 15,2,$85.7 Million,R,,,,
12/14/2016,18 26 37 39 66 15,3,$102 Million,R,,,,
12/17/2016,01 08 16 40 48 10,2,$121 Million,1,DE,,,
12/21/2016,25 33 40 54 68 03,5,$40 Million,R,,,,
12/24/2016,28 38 42 51 52 21,2,$50 Million,R,,,,
12/28/2016,16 23 30 44 58 04,2,$60 Million,R,,,,
12/31/2016,01 03 28 57 67 09,2,$70 Million,R,,,,
1/4/2017,16 17 29 41 42 04,3,$80 Million,R,,,,
1/7/2017,03 12 24 37 63 10,2,$90.8 Million,R,,,,
1/11/2017,01 03 13 16 43 24,2,$105 Million,R,,,,
1/14/2017,23 55 59 64 69 13,5,$123 Million,R,,,,
1/18/2017,09 40 41 53 58 12,2,$136 Million,R,,,,
1/21/2017,23 25 45 52 67 02,2,$154 Million,R,,,,
1/25/2017,18 28 62 66 68 22,2,$169 Million,R,,,,
1/28/2017,12 20 39 49 69 17,2,$189 Million,R,,,,
2/1/2017,09 43 57 60 64 10,2,$209 Million,R,,,,
2/4/2017,06 13 16 17 52 25,3,$233 Million,R,,,,
2/8/2017,14 20 42 49 66 05,2,$258 Million,R,,,,
2/11/2017,05 09 17 37 64 02,2,$283 Million,R,,,,
2/15/2017,05 28 33 38 42 19,2,$317 Million,R,,,,
2/18/2017,03 07 09 31 33 20,3,$361 Million,R,,,,
2/22/2017,10 13 28 52 61 02,2,$435 Million,1,IN,,,
2/25/2017,06 32 47 62 65 19,2,$40 Million,R,,,,
3/1/2017,10 16 40 52 55 17,10,$53.9 Million,R,,,,
3/4/2017,02 18 19 22 63 19,3,$71.2 Million,R,,,,
3/8/2017,23 33 42 46 59 04,2,$86.5 Million,R,,,,
3/11/2017,01 26 41 50 57 11,2,$106 Million,R,,,,
3/15/2017,16 30 41 48 53 16,3,$123 Million,R,,,,
3/18/2017,13 25 44 54 67 05,3,$139 Million,R,,,,
3/22/2017,02 09 27 29 42 09,2,$156 Million,1,WI,,,
3/25/2017,18 31 32 45 48 16,4,$40 Million,R,,,,
3/29/2017,08 15 31 36 62 11,3,$50 Million,R,,,,
4/1/2017,09 32 36 44 65 01,3,$60 Million,1,IN,,,
4/5/2017,08 20 46 53 54 13,2,$40 Million,R,,,,
4/8/2017,23 36 51 53 60 15,2,$50 Million,R,,,,
4/12/2017,08 14 61 63 68 24,2,$60 Million ,R,,,,
4/15/2017,05 22 26 45 61 13,3,$70 Million,R,,,,
4/19/2017,01 19 37 40 52 15,3,$80 Million,R,,,,
4/22/2017,21 39 41 48 63 06,3,$90 Million,R,,,,
4/26/2017,01 15 18 26 51 26,4,$100 Million,R,,,,
4/29/2017,22 23 24 45 62 05,2,$115 Million,R,,,,
5/3/2017,17 18 49 59 66 09,2,$131 Million,R,,,,
5/6/2017,11 21 31 41 59 21,3,$149 Million,R,,,,
5/10/2017,29 31 46 56 62 08,2,$166 Million,R,,,,
5/13/2017,17 20 32 63 68 19,5,$185 Million,R,,,,
5/17/2017,04 11 39 45 48 09,3,$205 Million,R,,,,
5/20/2017,05 22 45 47 54 03,2,$226 Million,R,,,,
5/24/2017,28 32 33 38 62 15,2,$249 Million,R,,,,
5/27/2017,05 10 28 55 67 09,3,$274 Million,R,,,,
5/31/2017,04 33 39 46 60 06,2,$304 Million,R,,,,
6/3/2017,03 09 21 41 54 25,4,$338 Million,R,,,,
6/7/2017,05 21 57 66 69 13,3,$380 Million,R,,,,
6/10/2017,20 26 32 38 58 03,2,$447 Million,1,CA,,,
6/14/2017,05 22 43 57 63 24,2,$40 Million,R,,,,
6/17/2017,10 13 32 53 62 21,2,$53 Million,R,,,,
6/21/2017,14 46 61 65 68 13,2,$65.3 Million,R,,,,
6/24/2017,10 22 32 36 58 10,4,$78.7 Million,R,,,,
6/28/2017,29 37 46 53 68 08,2,$91.8 Million,R,,,,
7/1/2017,19 42 45 48 53 16,3,$109 Million,R,,,,
7/5/2017,04 09 16 54 68 21,2,$123 Million,R,,,,
7/8/2017,08 10 29 40 59 26,2,$140 Million,R,,,,
7/12/2017,01 02 18 23 61 09,2,$155 Million,R,,,,
7/15/2017,09 40 63 64 66 17,2,$170 Million,R,,,,
7/19/2017,50 51 59 61 63 04,5,$186 Million,R,,,,
7/22/2017,05 32 44 53 60 09,3,$201 Million,R,,,,
7/26/2017,07 19 21 42 69 12,2,$218 Million,R,,,,
7/29/2017,01 28 40 45 48 12,2,$242 Million,R,,,,
8/2/2017,01 16 54 63 69 18,3,$262 Million,R,,,,
8/5/2017,11 21 28 33 45 11,2,$287 Million,R,,,,
8/9/2017,12 30 36 47 62 09,4,$323 Million,R,,,,
8/12/2017,20 24 26 35 49 19,2,$371 Million,R,,,,
8/16/2017,09 15 43 60 64 04,3,$432 Million,R,,,,
8/19/2017,17 19 39 43 68 13,4,$541 Million,R,,,,
8/23/2017,06 07 16 23 26 04,4,$758 Million,1,MA,,,
8/26/2017,07 15 32 38 66 15,2,$40 Million,R,,,,
8/30/2017,19 28 43 67 69 07,2,$54.3 Million,R,,,,
9/2/2017,06 21 41 52 62 26,2,$70.5 Million,R,,,,
9/6/2017,08 14 32 58 67 17,3,$84.8 Million,R,,,,
9/9/2017,06 20 29 57 59 22,2,$100 Million,R,,,,
9/13/2017,17 24 35 57 63 19,3,$115 Million,R,,,,
9/16/2017,17 18 24 25 31 24,2,$133 Million,1,CO,,,
9/20/2017,39 48 53 67 68 26,3,$40 Million,R,,,,
9/23/2017,24 45 55 56 57 19,2,$53.6 Million,R,,,,
9/27/2017,08 10 21 23 25 22,3,$66.1 Million,R,,,,
9/30/2017,08 12 25 41 64 15,3,$81.6 Million,R,,,,
10/4/2017,22 23 62 63 66 24,2,$95.5 Million,R,,,,
10/7/2017,10 49 61 63 65 07,2,$112 Million,R,,,,
10/11/2017,01 03 13 19 69 23,2,$127 Million,R,,,,
10/14/2017,32 37 56 66 69 11,3,$141 Million,R,,,,
10/18/2017,30 49 54 66 69 08,2,$156 Million,R,,,,
10/21/2017,14 41 42 45 69 04,2,$174 Million,R,,,,
10/25/2017,18 22 29 54 57 08,3,$191 Million,1,LA,,,
10/28/2017,27 35 38 57 66 10,2,$40 Million,R,,,,
11/1/2017,03 06 19 26 44 01,2,$50.1 Million,R,,,,
11/4/2017,12 14 26 48 51 13,3,$62.9 Million,R,,,,
11/8/2017,12 14 20 21 34 22,2,$75.5 Million,R,,,,
11/11/2017,04 06 16 30 56 18,2,$89.5 Million,R,,,,
11/15/2017,23 32 44 48 50 25,2,$103 Million,R,,,,
11/18/2017,17 28 31 32 39 26,3,$120 Million,R,,,,
11/22/2017,35 37 46 51 61 13,2,$134 Million,R,,,,
11/25/2017,08 13 27 53 54 04,2,$147 Million,R,,,,
11/29/2017,24 26 28 59 63 16,3,$161 Million,R,,,,
12/2/2017,28 30 32 36 58 06,3,$178 Million,R,,,,
12/6/2017,19 20 50 55 62 09,2,$194 Million,R,,,,
12/9/2017,25 36 37 55 60 06,5,$211 Million,R,,,,
12/13/2017,02 24 28 51 58 07,3,$230 Million,R,,,,
12/16/2017,09 35 37 50 63 11,2,$249 Million,R,,,,
12/20/2017,01 20 61 64 69 20,2,$272 Million,R,,,,
12/23/2017,01 03 13 15 44 25,2,$309 Million,R,,,,
12/27/2017,03 09 16 56 60 03,3,$340 Million,R,,,,
12/30/2017,28 36 41 51 58 24,2,$390 Million,R,,,,
1/3/2018,02 18 37 39 42 12,3,$460 Million,R,,,,
1/6/2018,12 61 30 29 33 26,3,$559 Million,1,NH,,,
1/10/2018,07 24 33 49 50 04,5,$40 Million,R,,,,
1/13/2018,14 25 35 58 69 24,2,$50 Million,R,,,,
1/17/2018,03 33 37 51 57 21,2,$62.4 Million,R,,,,
1/20/2018,26 28 47 49 58 03,4,$79.4 Million,R,,,,
1/24/2018,05 09 11 33 64 21,3,$94.4 Million,R,,,,
1/27/2018,17 21 26 47 54 07,2,$112 Million,R,,,,
1/31/2018,04 07 14 46 59 22,10,$128 Million,R,,,,
2/3/2018,15 23 27 48 53 06,2,$148 Million,R,,,,
2/7/2018,23 34 35 40 47 10,2,$164 Million,R,,,,
2/10/2018,01 13 27 41 59 20,5,$185 Million,R,,,,
2/14/2018,37 39 44 46 69 26,2,$203 Million,R,,,,
2/17/2018,13 26 39 44 62 02,3,$225 Million,R,,,,
2/21/2018,07 15 31 34 36 08,3,$245 Million,R,,,,
2/24/2018,24 25 38 62 63 06,2,$271 Million,R,,,,
2/28/2018,12 30 59 65 69 16,5,$294 Million,R,,,,
3/3/2018,13 17 25 36 40 05,2,$318 Million,R,,,,
3/7/2018,06 13 19 36 51 18,2,$346 Million,R,,,,
3/10/2018,43 44 54 61 69 22,3,$380 Million,R,,,,
3/14/2018,06 12 24 41 68 09,3,$417 Million,R,,,,
3/17/2018,22 57 59 60 66 07,2,$456 Million,1,PA,,,
3/21/2018,03 04 18 29 61 25,2,$40 Million,R,,,,
3/24/2018,10 33 45 53 56 24,3,$55.9 Million,R,,,,
3/28/2018,06 08 26 52 53 21,2,$40 Million,R,,,,
3/31/2018,08 24 52 55 61 21,3,$50 Million,R,,,,
4/4/2018,08 24 42 54 64 24,4,$60 Million,R,,,,
4/7/2018,02 17 20 38 39 20,2,$74.9 Million,R,,,,
4/11/2018,16 18 27 55 67 18,3,$89.7 Million,R,,,,
4/14/2018,17 19 26 61 62 15,2,$107 Million,R,,,,
4/18/2018,09 10 12 17 23 09,2,$124 Million,R,,,,
4/21/2018,40 50 54 62 69 19,2,$142 Million,R,,,,
4/25/2018,17 18 39 56 64 12,3,$158 Million,R,,,,
4/28/2018,20 22 28 45 50 08,5,$177 Million,R,,,,
5/2/2018,05 14 31 40 50 06,2,$195 Million,R,,,,
5/5/2018,14 29 36 57 61 17,4,$214 Million,R,,,,
5/9/2018,11 16 38 50 69 19,2,$235 Million,R,,,,
5/12/2018,22 42 45 55 56 14,3,$257 Million,R,,,,
5/16/2018,17 19 21 22 51 19,2,$279 Million,R,,,,
5/19/2018,03 06 09 17 56 25,3,$315 Million,1,NJ,,,
5/23/2018,20 54 56 61 64 07,4,$40 Million,R,,,,
5/26/2018,01 21 31 45 49 21,2,$50 Million,R,,,,
5/30/2018,17 23 26 46 68 20,2,$60 Million,R,,,,
6/2/2018,23 25 37 44 64 07,4,$74 Million,R,,,,
6/6/2018,23 28 41 53 56 14,3,$87.9 Million,R,,,,
6/9/2018,06 10 15 25 36 14,3,$105 Million,R,,,,
6/13/2018,13 20 38 45 55 01,2,$120 Million,R,,,,
6/16/2018,09 45 57 58 65 09,2,$136 Million,R,,,,
6/20/2018,04 14 23 27 56 13,2,$150 Million,1,OR,,,
6/23/2018,16 29 43 45 56 25,2,$40 Million,R,,,,
6/27/2018,07 28 37 62 63 15,2,$50 Million,R,,,,
6/30/2018,03 09 20 42 61 24,2,$60 Million,R,,,,
7/4/2018,04 07 15 41 44 10,2,$70 Million,R,,,,
7/7/2018,01 10 43 45 64 22,3,$80 Million,R,,,,
7/11/2018,19 21 27 46 47 07,4,$90 Million,R,,,,
7/14/2018,22 41 42 49 67 11,3,$100 Million,R,,,,
7/18/2018,01 10 27 28 36 12,2,$113 Million,R,,,,
7/21/2018,09 23 56 58 68 01,2,$131 Million,R,,,,
7/25/2018,02 18 41 44 64 26,2,$149 Million,R,,,,
7/28/2018,22 27 46 56 65 13,2,$168 Million,R,,,,
8/1/2018,05 22 32 38 58 26,2,$185 Million,R,,,,
8/4/2018,03 11 38 44 58 02,4,$205 Million,R,,,,
8/8/2018,10 21 30 43 63 17,2,$225 Million,R,,,,
8/11/2018,05 43 56 62 68 24,2,$245 Million,1,NY,,,
8/15/2018,12 15 28 47 48 16,2,$40 Million,R,,,,
8/18/2018,24 34 52 61 67 16,3,$50 Million,R,,,,
8/22/2018,01 07 45 47 69 13,2,$60 Million,R,,,,
8/25/2018,20 25 54 57 63 08,2,$70 Million,R,,,,
8/29/2018,25 41 53 57 67 12,2,$80 Million,R,,,,
9/1/2018,11 54 55 61 66 09,3,$90 Million,R,,,,
9/5/2018,06 15 50 59 60 13,2,$100 Million,R,,,,
9/8/2018,03 13 20 32 33 21,3,$118 Million,R,,,,
9/12/2018,06 28 48 63 64 24,2,$131 Million,R,,,,
9/15/2018,02 18 19 24 34 03,3,$147 Million,R,,,,
9/19/2018,04 39 48 50 51 11,3,$161 Million,R,,,,
9/22/2018,24 61 63 64 69 18,5,$179 Million,R,,,,
9/26/2018,01 02 07 30 50 08,5,$195 Million,R,,,,
9/29/2018,09 17 34 59 64 22,2,$213 Million,R,,,,
10/3/2018,41 53 59 63 66 03,3,$232 Million,R,,,,
10/6/2018,01 22 27 53 67 15,3,$262 Million,R,,,,
10/10/2018,08 23 27 42 60 07,3,$287 Million,R,,,,
10/13/2018,11 14 32 43 65 15,3,$320 Million,R,,,,
10/17/2018,03 57 64 68 69 15,3,$378 Million,R,,,,
10/20/2018,16 54 57 62 69 23,2,$476 Million,R,,,,
10/24/2018,03 21 45 53 56 22,2,$602 Million,R,,,,
10/27/2018,08 12 13 19 27 04,3,$687 Million,2,IA,NY,,
10/31/2018,07 25 39 40 47 20,3,$40 Million,R,,,,
11/3/2018,15 21 24 32 65 11,3,$57.8 Million,R,,,,
11/7/2018,26 28 34 42 50 25,2,$73.1 Million,R,,,,
11/10/2018,05 29 34 53 57 24,2,$90.4 Million,R,,,,
11/14/2018,07 42 49 62 69 23,5,$106 Million,R,,,,
11/17/2018,06 08 20 52 68 05,2,$124 Million,R,,,,
11/21/2018,07 14 23 38 55 18,2,$139 Million,R,,,,
11/24/2018,11 33 51 56 58 18,2,$153 Million,R,,,,
11/28/2018,04 19 59 68 69 21,2,$167 Million,R,,,,
12/1/2018,10 11 47 55 58 26,2,$183 Million,R,,,,
12/5/2018,09 11 36 37 38 11,5,$199 Million,R,,,,
12/8/2018,14 32 34 46 61 10,2,$212 Million,R,,,,
12/12/2018,04 09 21 29 64 26,2,$228 Million,R,,,,
12/15/2018,08 38 43 52 55 17,3,$245 Million,R,,,,
12/22/2018,21 28 30 40 59 26,3,$262 Million,R,,,,
12/19/2018,15 29 31 37 43 16,2,$276 Million,R,,,,
12/26/2018,05 25 38 52 67 24,2,$298 Million,1,NY,,,
12/29/2018,12 42 51 53 62 25,2,$40 Million,R,,,,
1/2/2019,08 12 42 46 56 12,2,$54.6 Million,R,,,,
1/5/2019,03 07 15 27 69 19,2,$68.2 Million,R,,,,
1/9/2019,06 19 37 49 59 22,3,$81.6 Million,R,,,,
1/12/2019,07 36 48 57 58 24,2,$98 Million,R,,,,
1/16/2019,14 29 31 56 61 01,2,$113 Million,R,,,,
1/19/2019,05 08 41 65 66 20,3,$130 Million,R,,,,
1/23/2019,23 25 47 48 50 24,3,$144 Million,R,,,,
1/26/2019,08 12 20 21 32 10,4,$159 Million,R,,,,
1/30/2019,02 12 16 29 54 06,2,$173 Million,R,,,,
2/2/2019,10 17 18 43 65 13,5,$189 Million,R,,,,
2/6/2019,05 13 28 38 63 21,5,$206 Million,R,,,,
2/9/2019,01 02 03 07 39 25,3,$223 Million,R,,,,
2/13/2019,02 08 14 24 69 26,2,$240 Million,R,,,,
2/16/2019,29 30 41 48 64 01,4,$262 Million,R,,,,
2/20/2019,27 49 50 51 52 02,2,$280 Million,R,,,,
2/23/2019,04 06 14 20 32 13,2,$302 Million,R,,,,
2/27/2019,21 31 42 49 59 23,5,$324 Million,R,,,,
3/2/2019,01 19 25 27 68 21,2,$356 Million,R,,,,
3/6/2019,06 10 21 35 46 23,2,$382 Million,R,,,,
3/9/2019,05 06 45 55 59 14,3,$411 Million,R,,,,
3/13/2019,18 36 45 47 69 14,3,$448 Million,R,,,,
3/16/2019,30 34 39 53 67 11,2,$492 Million,R,,,,
3/20/2019,10 14 50 53 63 21,2,$562 Million,R,,,,
3/23/2019,24 25 52 60 66 05,3,$638 Million,R,,,,
3/27/2019,16 20 37 44 62 12,3,$768 Million,1,WI,,,
3/30/2019,21 52 54 64 68 04,3,$40 Million,R,,,,
4/3/2019,16 19 25 32 49 18,2,$54.3 Million,R,,,,
4/6/2019,15 33 43 59 60 08,3,$70.9 Million,R,,,,
4/10/2019,12 21 23 39 67 06,4,$85.4 Million,R,,,,
4/13/2019,04 17 26 32 49 10,2,$103 Million,R,,,,
4/17/2019,01 15 17 46 66 15,3,$119 Million,R,,,,
4/20/2019,03 27 30 63 65 01,3,$134 Million,R,,,,
4/24/2019,06 32 35 36 65 04,5,$149 Million,R,,,,
4/27/2019,02 29 41 45 62 06,3,$166 Million,R,,,,
5/1/2019,05 23 28 56 66 17,5,$181 Million,R,,,,
5/4/2019,06 16 23 30 61 02,2,$199 Million,R,,,,
5/8/2019,01 45 53 64 66 03,3,$216 Million,R,,,,
5/11/2019,06 08 09 37 40 26,2,$232 Million,R,,,,
5/15/2019,07 17 33 61 68 04,2,$250 Million,R,,,,
5/18/2019,02 10 25 66 67 26,4,$269 Million,R,,,,
5/22/2019,07 10 20 44 57 03,2,$287 Million,R,,,,
5/25/2019,01 02 39 43 66 02,3,$306 Million,R,,,,
5/29/2019,03 32 34 42 61 07,2,$327 Million,R,,,,
6/1/2019,06 15 34 45 52 08,2,$344 Million,1,NC,,,
6/5/2019,17 23 28 34 38 08,3,$40 Million,R,,,,
6/8/2019,09 13 42 48 60 18,2,$53.8 Million,R,,,,
6/12/2019,05 35 38 42 57 13,2,$65.9 Million,R,,,,
6/15/2019,08 11 14 16 49 14,3,$80.2 Million,R,,,,
6/19/2019,04 18 21 26 38 01,3,$93.6 Million,R,,,,
6/22/2019,03 06 11 14 66 21,2,$108 Million,R,,,,
6/26/2019,01 05 16 22 54 24,3,$123 Million,R,,,,
6/29/2019,13 17 24 59 62 08,2,$136 Million,R,,,,
7/3/2019,40 43 45 50 61 25,3,$150 Million,R,,,,
7/6/2019,04 08 23 46 65 01,2,$164 Million,R,,,,
7/10/2019,07 09 26 44 68 03,3,$178 Million,R,,,,
7/13/2019,13 23 32 35 68 21,3,$198 Million,1,TN ,,,
7/17/2019,19 43 47 60 68 10,2,$40 Million,R,,,,
7/20/2019,05 26 36 64 69 19,3,$51.7 Million,R,,,,
7/24/2019,22 29 35 53 56 13,2,$63 Million,R,,,,
7/27/2019,01 19 31 48 61 06,2,$75.8 Million,R,,,,
7/31/2019,14 37 47 55 67 06,2,$88 Million,R,,,,
8/3/2019,03 06 45 66 68 13,2,$100 Million,R,,,,
8/7/2019,08 32 47 53 59 03,3,$113 Million,R,,,,
8/10/2019,35 41 44 58 59 03,3,$123 Million,R,,,,
8/14/2019,10 13 30 51 69 10,2,$138 Million,R,,,,
8/17/2019,18 21 24 30 60 20,3,$148 Million,1,NY,,,
8/21/2019,12 21 22 29 32 21,2,$40 Million,R,,,,
8/24/2019,05 12 20 21 47 01,2,$50 Million,R,,,,
8/28/2019,09 32 37 41 56 14,10,$60 Million,R,,,,
8/31/2019,14 41 50 56 57 18,5,$70 Million,R,,,,
9/4/2019,04 08 30 52 59 02,10,$80 Million,1,NY,,,
9/7/2019,11 20 41 42 56 06,2,$40 Million,R,,,,
9/11/2019,06 17 24 53 57 03,3,$50 Million,R,,,,
9/14/2019,11 27 31 36 67 11,2,$60 Million,R,,,,
9/18/2019,14 19 39 47 51 15,3,$70 Million,R,,,,
9/21/2019,01 09 22 36 68 22,2,$80 Million,1,MI,,,
9/25/2019,37 43 44 45 53 25,3,$40 Million,R,,,,
9/28/2019,15 23 34 51 55 04,2,$50 Million,R,,,,
10/2/2019,04 08 10 43 53 07,2,$60 Million,R,,,,
10/5/2019,06 14 36 51 54 04,2,$70 Million,R,,,,
10/9/2019,05 18 33 43 65 02,2,$80 Million,R,,,,
10/12/2019,12 29 34 53 65 23,2,$90 Million,R,,,,
10/16/2019,01 05 25 63 67 03,2,$100 Million,R,,,,
10/19/2019,14 27 29 59 65 12,2,$110 Million,R,,,,
10/23/2019,05 12 50 61 69 23,2,$120 Million,R,,,,
10/26/2019,03 20 48 54 59 04,4,$130 Million,R,,,,
10/30/2019,19 22 52 56 67 21,2,$140 Million,R,,,,
11/2/2019,03 23 32 37 58 22,2,$150 Million,1,CA,,,
11/6/2019,15 28 46 62 64 17,3,$40 Million,R,,,,
11/9/2019,14 17 35 38 60 25,2,$50 Million,R,,,,
11/13/2019,23 26 27 28 66 11,2,$60 Million,R,,,,
11/16/2019,14 22 26 55 63 26,3,$70 Million,R,,,,
11/20/2019,07 15 39 40 57 12,2,$80 Million,R,,,,
11/23/2019,28 35 38 61 66 23,3,$90 Million,R,,,,
11/27/2019,15 26 37 53 55 21,2,$100 Million,R,,,,
11/30/2019,15 35 42 63 68 18,4,$110 Million,R,,,,
12/4/2019,08 27 44 51 61 14,3,$120 Million,R,,,,
12/7/2019,18 42 53 62 66 25,3,$130 Million,R,,,,
12/11/2019,24 29 42 44 63 10,4,$140 Million,R,,,,
12/14/2019,03 06 12 32 64 19,3,$150 Million,R,,,,
12/18/2019,14 18 26 39 68 09,2,$160 Million,R,,,,
12/21/2019,19 31 35 50 67 14,2,$173 Million,R,,,,
12/25/2019,02 04 16 30 46 20,2,$188 Million,R,,,,
12/28/2019,20 23 39 59 60 18,2,$203 Million,R,,,,
1/1/2020,49 53 57 59 62 26,2,$221 Million,R,,,,
1/4/2020,01 11 21 25 54 07,2,$239 Million,R,,,,
1/8/2020,02 04 07 43 56 22,4,$258 Million,R,,,,
1/11/2020,03 21 23 31 59 03,2,$277 Million,R,,,,
1/15/2020,39 41 53 55 68 19,2,$298 Million,R,,,,
1/18/2020,20 24 38 56 68 18,2,$322 Million,R,,,,
1/22/2020,11 33 44 59 67 08,3,$347 Million,R,,,,
1/25/2020,02 09 17 36 67 18,2,$366 Million,R,,,,
1/29/2020,09 12 15 31 60 02,2,$396 Million,1,FL,,,
2/1/2020,12 33 54 57 60 13,4,$40 Million,R,,,,
2/5/2020,23 30 35 41 57 02,3,$50 Million,R,,,,
2/8/2020,35 49 50 59 66 06,2,$60 Million,R,,,,
2/12/2020,14 47 54 55 68 25,2,$70 Million,1,MI,,,
2/15/2020,16 32 35 36 46 03,3,$40 Million,R,,,,
2/19/2020,10 12 15 19 56 19,2,$50 Million,R,,,,
2/22/2020,25 37 39 61 62 11,3,$60 Million,R,,,,
2/26/2020,08 27 29 36 47 24,3,$70 Million,R,,,,
2/29/2020,24 44 46 50 51 13,3,$80 Million,R,,,,
3/4/2020,18 43 58 60 68 14,2,$90 Million,R,,,,
3/7/2020,07 15 21 33 62 23,2,$100 Million,R,,,,
3/11/2020,04 29 49 50 67 02,4,$110 Million,R,,,,
3/14/2020,09 23 26 30 32 08,3,$120 Million,R,,,,
3/18/2020,15 27 44 59 63 08,4,$130 Million,R,,,,
3/21/2020,02 23 40 59 69 13,2,$140 Million,R,,,,
3/25/2020,05 09 27 39 42 16,2,$150 Million,R,,,,
3/28/2020,07 40 48 55 66 11,2,$160 Million,R,,,,
4/1/2020,33 35 45 48 60 16,2,$170 Million,R,,,,
4/4/2020,08 31 39 40 43 04,3,$180 Million,R,,,,
4/8/2020,02 37 39 48 54 05,3,$190 Million,1,NJ,,,
4/11/2020,22 29 30 42 47 17,3,$20 Million,R,,,,
4/15/2020,10 12 33 36 41 02,3,$22 Million,R,,,,
4/18/2020,04 44 46 56 63 19,2,$24 Million,R,,,,
4/22/2020,01 33 35 40 69 24,5,$30 Million,R,,,,
4/25/2020,01 03 21 47 57 18,2,$37.4 Million,R,,,,
4/29/2020,02 20 49 61 67 20,2,$44.3 Million,R,,,,
5/2/2020,13 16 33 58 68 24,5,$52.7 Million,R,,,,
5/6/2020,07 08 35 50 65 20,4,$60.2 Million,R,,,,
5/9/2020,12 18 42 48 65 19,5,$70 Million,R,,,,
5/13/2020,39 53 54 56 57 20,3,$78.1 Million,R,,,,
5/16/2020,08 12 26 39 42 11,2,$86.9 Million,R,,,,
5/20/2020,18 34 40 42 50 09,2,$95.3 Million,R,,,,
5/23/2020,02 08 18 21 23 16,4,$106 Million,R,,,,
5/27/2020,38 58 59 64 68 21,2,$115 Million,R,,,,
5/30/2020,13 32 41 58 60 14,2,$127 Million,R,,,,
